file,category,language,zero_inbound_static,runtime_unreached_static,in_duplicate_clone_block
backend/__init__.py,backend,python,0,0,0
backend/api/__init__.py,backend,python,0,0,0
backend/api/admin_control_api.py,backend,python,0,0,0
backend/api/admin_dashboard_api.py,backend,python,0,0,0
backend/api/analytics_api.py,backend,python,0,0,0
backend/api/auth.py,backend,python,0,0,0
backend/api/auth_routes.py,backend,python,0,0,0
backend/api/count_lines_api.py,backend,python,0,0,0
backend/api/count_lines_routes.py,backend,python,0,0,0
backend/api/dynamic_fields_api.py,backend,python,0,0,0
backend/api/dynamic_reports_api.py,backend,python,0,0,0
backend/api/enhanced_item_api.py,backend,python,0,0,0
backend/api/enrichment_api.py,backend,python,0,0,0
backend/api/enterprise_api.py,backend,python,0,0,0
backend/api/erp_api.py,backend,python,0,0,0
backend/api/error_reporting_api.py,backend,python,0,0,0
backend/api/exports_api.py,backend,python,0,0,0
backend/api/health.py,backend,python,0,0,0
backend/api/item_verification_api.py,backend,python,0,0,0
backend/api/locations_api.py,backend,python,0,0,0
backend/api/logs_api.py,backend,python,0,0,0
backend/api/mapping_api.py,backend,python,0,0,0
backend/api/master_settings_api.py,backend,python,0,0,0
backend/api/metrics_api.py,backend,python,0,0,0
backend/api/notes_api.py,backend,python,0,0,0
backend/api/notifications_api.py,backend,python,0,0,0
backend/api/permissions_api.py,backend,python,0,0,0
backend/api/pi_api.py,backend,python,0,0,0
backend/api/pin_auth_api.py,backend,python,0,0,0
backend/api/preferences_api.py,backend,python,0,0,0
backend/api/rack_api.py,backend,python,0,0,0
backend/api/realtime_dashboard_api.py,backend,python,0,0,0
backend/api/reconciliation_api.py,backend,python,0,0,0
backend/api/recount_api.py,backend,python,0,0,0
backend/api/report_generation_api.py,backend,python,0,0,0
backend/api/reporting_api.py,backend,python,0,0,0
backend/api/response_models.py,backend,python,0,0,0
backend/api/schemas.py,backend,python,0,0,0
backend/api/schemas_variance.py,backend,python,0,1,0
backend/api/search_api.py,backend,python,0,0,0
backend/api/security_api.py,backend,python,0,0,0
backend/api/security_txt.py,backend,python,1,1,0
backend/api/self_diagnosis_api.py,backend,python,0,0,0
backend/api/service_logs_api.py,backend,python,0,0,0
backend/api/session_management_api.py,backend,python,0,0,0
backend/api/sql_verification_api.py,backend,python,0,0,0
backend/api/supervisor_pin.py,backend,python,0,0,0
backend/api/sync_batch_api.py,backend,python,0,0,0
backend/api/sync_conflicts_api.py,backend,python,0,0,0
backend/api/sync_management_api.py,backend,python,0,0,0
backend/api/sync_status_api.py,backend,python,0,0,0
backend/api/test_support_api.py,backend,python,1,1,1
backend/api/unknown_items_api.py,backend,python,0,0,0
backend/api/user_management_api.py,backend,python,0,0,1
backend/api/user_settings_api.py,backend,python,0,0,0
backend/api/v2/__init__.py,backend,python,0,0,0
backend/api/v2/connection_status.py,backend,python,0,0,0
backend/api/v2/health.py,backend,python,0,0,0
backend/api/v2/items.py,backend,python,0,0,0
backend/api/v2/metrics.py,backend,python,0,0,0
backend/api/v2/sessions.py,backend,python,0,0,0
backend/api/v2/supervisor.py,backend,python,0,0,0
backend/api/variance_api.py,backend,python,0,0,0
backend/api/websocket_api.py,backend,python,0,0,0
backend/app/__init__.py,backend,python,1,1,0
backend/app/factory.py,backend,python,0,0,0
backend/app/middleware.py,backend,python,0,0,0
backend/app/routers.py,backend,python,0,0,0
backend/app/settings_runtime.py,backend,python,0,0,0
backend/app/static.py,backend,python,0,0,0
backend/app_factory.py,backend,python,0,0,0
backend/auth/__init__.py,backend,python,0,0,0
backend/auth/cookies.py,backend,python,0,0,0
backend/auth/dependencies.py,backend,python,0,0,0
backend/auth/jwt_provider.py,backend,python,0,0,0
backend/auth/permissions.py,backend,python,0,0,0
backend/config.py,backend,python,0,0,0
backend/config/governance.py,backend,python,1,1,0
backend/config_governance.py,backend,python,0,0,0
backend/core/__init__.py,backend,python,0,0,0
backend/core/database.py,backend,python,0,0,0
backend/core/globals.py,backend,python,0,0,0
backend/core/lifespan.py,backend,python,0,0,0
backend/core/schemas/__init__.py,backend,python,1,1,0
backend/core/schemas/audit_log.py,backend,python,0,1,0
backend/core/schemas/config_version.py,backend,python,0,0,0
backend/core/schemas/conflict.py,backend,python,0,0,0
backend/core/schemas/snapshot.py,backend,python,0,0,0
backend/core/schemas/user_settings.py,backend,python,0,0,0
backend/core/validators/__init__.py,backend,python,1,1,0
backend/core/validators/pin_validator.py,backend,python,0,1,0
backend/core/websocket_manager.py,backend,python,0,0,0
backend/db/__init__.py,backend,python,1,1,0
backend/db/indexes.py,backend,python,0,0,0
backend/db/initialization.py,backend,python,0,0,0
backend/db/migrations.py,backend,python,0,0,0
backend/db/runtime.py,backend,python,0,0,0
backend/db_mapping_config.py,backend,python,0,0,0
backend/error_messages.py,backend,python,0,0,0
backend/exceptions.py,backend,python,0,0,0
backend/locustfile.py,backend,python,1,1,0
backend/middleware/__init__.py,backend,python,1,1,0
backend/middleware/compression_middleware.py,backend,python,1,1,0
backend/middleware/input_sanitization.py,backend,python,1,1,0
backend/middleware/lan_enforcement.py,backend,python,0,0,0
backend/middleware/logging_middleware.py,backend,python,1,1,0
backend/middleware/performance_middleware.py,backend,python,0,1,0
backend/middleware/rate_limit_middleware.py,backend,python,1,1,0
backend/middleware/request_id.py,backend,python,1,1,0
backend/middleware/request_size_limit.py,backend,python,1,1,0
backend/middleware/security.py,backend,python,0,0,0
backend/middleware/security_headers.py,backend,python,0,0,0
backend/middleware/setup.py,backend,python,1,1,0
backend/models/__init__.py,backend,python,1,1,0
backend/models/analytics.py,backend,python,1,1,0
backend/models/audit.py,backend,python,0,0,0
backend/models/preferences.py,backend,python,0,0,0
backend/models/snapshot.py,backend,python,1,1,0
backend/models/sync.py,backend,python,1,1,0
backend/models/user.py,backend,python,0,0,0
backend/scripts/add_performance_indexes.py,backend,python,1,1,0
backend/scripts/add_test_items.py,backend,python,1,1,0
backend/scripts/backfill_session_snapshots.py,backend,python,0,1,0
backend/scripts/barcode_analyzer.py,backend,python,1,1,0
backend/scripts/batch_condition_manager.py,backend,python,1,1,0
backend/scripts/check_barcode_lengths.py,backend,python,1,1,0
backend/scripts/check_other_barcode_columns.py,backend,python,1,1,0
backend/scripts/check_other_barcodes.py,backend,python,1,1,0
backend/scripts/check_sql_barcodes.py,backend,python,1,1,1
backend/scripts/check_sql_barcodes_v2.py,backend,python,1,1,1
backend/scripts/check_sql_duplicates.py,backend,python,1,1,0
backend/scripts/check_sync_optimization.py,backend,python,1,1,0
backend/scripts/check_warehouses.py,backend,python,1,1,0
backend/scripts/cleanup_synthetic_session_data.py,backend,python,0,1,0
backend/scripts/codebase_upgrade_checker.py,backend,python,1,1,0
backend/scripts/create_feature_indexes.py,backend,python,1,1,0
backend/scripts/create_item_indexes.py,backend,python,1,1,0
backend/scripts/create_staff_users.py,backend,python,1,1,0
backend/scripts/discover_tables.py,backend,python,1,1,0
backend/scripts/explore_barcodes.py,backend,python,1,1,0
backend/scripts/generate_api_docs.py,backend,python,1,1,0
backend/scripts/generate_secrets.py,backend,python,1,1,0
backend/scripts/load_test_search.py,backend,python,1,1,0
backend/scripts/migrate_user_settings.py,backend,python,0,1,0
backend/scripts/optimize_session_indexes.py,backend,python,1,1,0
backend/scripts/repair_count_line_item_names.py,backend,python,0,1,0
backend/scripts/repair_legacy_zero_variance_approvals.py,backend,python,0,1,0
backend/scripts/report_generator.py,backend,python,1,1,0
backend/scripts/reset_staff_session.py,backend,python,1,1,0
backend/scripts/restore_mongodb_backup.py,backend,python,1,1,0
backend/scripts/set_supervisor_pin.py,backend,python,1,1,0
backend/scripts/setup_server_localhost.py,backend,python,1,1,0
backend/scripts/stress_test_concurrent_users.py,backend,python,1,1,0
backend/scripts/sync_bridge_agent.py,backend,python,1,1,0
backend/scripts/sync_sql_to_mongo.py,backend,python,1,1,0
backend/scripts/update_config_from_ssms.py,backend,python,1,1,0
backend/scripts/validate_env.py,backend,python,1,1,0
backend/scripts/verify_reconciliation.py,backend,python,1,1,0
backend/server.py,backend,python,0,0,0
backend/services/__init__.py,backend,python,0,0,0
backend/services/activity_log.py,backend,python,0,0,0
backend/services/advanced_erp_sync_DISABLED_DO_NOT_USE.py,backend,python,1,1,0
backend/services/advanced_report_service.py,backend,python,0,0,0
backend/services/ai_search.py,backend,python,0,0,0
backend/services/ai_variance.py,backend,python,0,0,0
backend/services/analytics_service.py,backend,python,0,1,0
backend/services/audit_service.py,backend,python,0,0,0
backend/services/auto_diagnosis.py,backend,python,0,0,0
backend/services/auto_error_finder.py,backend,python,1,1,0
backend/services/auto_recovery.py,backend,python,1,1,0
backend/services/auto_sync_manager.py,backend,python,0,0,0
backend/services/batch_operations.py,backend,python,0,0,0
backend/services/cache/redis_service.py,backend,python,0,1,0
backend/services/cache_service.py,backend,python,0,0,0
backend/services/canonical_inventory.py,backend,python,0,0,0
backend/services/change_detection_sync.py,backend,python,0,0,0
backend/services/circuit_breaker.py,backend,python,0,0,0
backend/services/concurrency.py,backend,python,0,0,0
backend/services/config_version_service.py,backend,python,0,1,0
backend/services/count_line_write_service.py,backend,python,0,0,0
backend/services/count_state_machine.py,backend,python,0,1,0
backend/services/data_governance.py,backend,python,0,0,0
backend/services/database_health.py,backend,python,0,0,0
backend/services/database_manager.py,backend,python,0,0,0
backend/services/database_optimizer.py,backend,python,0,0,0
backend/services/dynamic_fields_service.py,backend,python,0,0,0
backend/services/dynamic_report_service.py,backend,python,0,0,0
backend/services/enhanced_connection_pool.py,backend,python,0,0,1
backend/services/enrichment_service.py,backend,python,0,0,0
backend/services/enterprise_audit.py,backend,python,0,0,0
backend/services/enterprise_security.py,backend,python,0,0,0
backend/services/error_log.py,backend,python,0,0,0
backend/services/errors.py,backend,python,0,0,0
backend/services/feature_flags.py,backend,python,0,0,0
backend/services/flag_resolver.py,backend,python,0,0,0
backend/services/governance_audit_service.py,backend,python,0,0,0
backend/services/governance_guard.py,backend,python,0,0,0
backend/services/heatmap_service.py,backend,python,0,0,0
backend/services/lock_manager.py,backend,python,0,0,0
backend/services/lock_service.py,backend,python,0,0,0
backend/services/logic_guard.py,backend,python,0,0,0
backend/services/mdns_service.py,backend,python,0,0,0
backend/services/monitoring_service.py,backend,python,0,0,0
backend/services/notification_service.py,backend,python,0,0,0
backend/services/observability.py,backend,python,0,0,0
backend/services/otp_service.py,backend,python,0,0,0
backend/services/pin_auth_service.py,backend,python,0,0,0
backend/services/pubsub_service.py,backend,python,0,0,0
backend/services/rate_limiter.py,backend,python,0,0,0
backend/services/redis_service.py,backend,python,0,0,0
backend/services/refresh_token.py,backend,python,0,0,0
backend/services/reporting/compare_engine.py,backend,python,0,0,0
backend/services/reporting/export_engine.py,backend,python,0,0,0
backend/services/reporting/query_builder.py,backend,python,0,0,0
backend/services/reporting/snapshot_engine.py,backend,python,0,0,0
backend/services/runtime.py,backend,python,0,0,0
backend/services/scheduled_export_service.py,backend,python,0,0,0
backend/services/search_service.py,backend,python,0,0,0
backend/services/session_lifecycle_service.py,backend,python,0,0,0
backend/services/session_state_machine.py,backend,python,0,0,0
backend/services/snapshot_service.py,backend,python,0,0,0
backend/services/sql_sync_service.py,backend,python,0,0,0
backend/services/sql_verification_service.py,backend,python,0,0,0
backend/services/sync_conflicts_service.py,backend,python,0,0,0
backend/services/system_report_service.py,backend,python,0,0,0
backend/services/transaction_manager.py,backend,python,0,0,0
backend/services/unknown_item_service.py,backend,python,0,0,0
backend/services/validation_service.py,backend,python,0,0,0
backend/services/variance_service.py,backend,python,0,0,0
backend/services/variant_service.py,backend,python,0,0,0
backend/services/watchdog_service.py,backend,python,0,0,0
backend/services/websocket_service.py,backend,python,0,1,0
backend/services/whatsapp_service.py,backend,python,0,0,0
backend/sql_server_connector.py,backend,python,0,0,0
backend/tests/__init__.py,backend,python,1,1,0
backend/tests/api/test_admin_dashboard_api.py,backend,python,1,1,0
backend/tests/api/test_admin_router_auth.py,backend,python,1,1,0
backend/tests/api/test_auth.py,backend,python,1,1,0
backend/tests/api/test_auth_api.py,backend,python,1,1,0
backend/tests/api/test_auth_handler.py,backend,python,1,1,0
backend/tests/api/test_count_lines_persistence.py,backend,python,1,1,0
backend/tests/api/test_dynamic_reports_api.py,backend,python,1,1,0
backend/tests/api/test_enhanced_item_api.py,backend,python,1,1,0
backend/tests/api/test_erp_api.py,backend,python,1,1,0
backend/tests/api/test_erp_batches.py,backend,python,1,1,0
backend/tests/api/test_item_verification_api.py,backend,python,1,1,0
backend/tests/api/test_items_identify_helpers.py,backend,python,1,1,0
backend/tests/api/test_mapping_api.py,backend,python,1,1,0
backend/tests/api/test_password_reset_api.py,backend,python,1,1,0
backend/tests/api/test_pin_auth_api.py,backend,python,1,1,0
backend/tests/api/test_preferences_api.py,backend,python,1,1,0
backend/tests/api/test_rbac.py,backend,python,1,1,0
backend/tests/api/test_reconciliation_api.py,backend,python,1,1,0
backend/tests/api/test_report_generation_api.py,backend,python,1,1,0
backend/tests/api/test_security_api.py,backend,python,1,1,0
backend/tests/api/test_session_finalization_and_canonical_reads.py,backend,python,1,1,0
backend/tests/api/test_session_management_api.py,backend,python,1,1,0
backend/tests/api/test_sync_batch_canonical.py,backend,python,1,1,0
backend/tests/api/test_sync_batch_logic.py,backend,python,1,1,0
backend/tests/api/test_unknown_items_admin_api.py,backend,python,0,0,0
backend/tests/api/test_unknown_items_public_api.py,backend,python,1,1,0
backend/tests/api/test_user_management_api.py,backend,python,1,1,0
backend/tests/api/test_user_settings_api.py,backend,python,1,1,0
backend/tests/api/test_watchtower_helpers.py,backend,python,1,1,0
backend/tests/api/test_websocket_api.py,backend,python,1,1,0
backend/tests/conftest.py,backend,python,1,1,0
backend/tests/core/test_validators_init.py,backend,python,1,1,0
backend/tests/evaluation/__init__.py,backend,python,1,1,0
backend/tests/evaluation/conftest.py,backend,python,1,1,0
backend/tests/evaluation/evaluators.py,backend,python,0,1,0
backend/tests/evaluation/metrics_collector.py,backend,python,0,1,0
backend/tests/evaluation/run_evaluation.py,backend,python,1,1,0
backend/tests/evaluation/test_api_performance.py,backend,python,1,1,0
backend/tests/evaluation/test_business_logic.py,backend,python,1,1,0
backend/tests/evaluation/test_data_quality.py,backend,python,1,1,0
backend/tests/evaluation/test_security_evaluation.py,backend,python,1,1,0
backend/tests/evaluation/test_workflow.py,backend,python,1,1,0
backend/tests/governance/test_count_line_write_service_authority.py,backend,python,1,1,0
backend/tests/governance/test_db_guard_collection_access.py,backend,python,0,0,0
backend/tests/governance/test_optimistic_locking.py,backend,python,1,1,0
backend/tests/governance/test_recount_lifecycle_service.py,backend,python,0,0,0
backend/tests/governance/test_session_transitions.py,backend,python,1,1,0
backend/tests/governance/test_sql_batch_verification.py,backend,python,1,1,0
backend/tests/governance/test_sql_read_only.py,backend,python,1,1,0
backend/tests/governance/test_sql_verified_qty_authority.py,backend,python,1,1,0
backend/tests/governance/test_transactional_write_enforcement.py,backend,python,0,0,0
backend/tests/governance/test_verification_authority.py,backend,python,1,1,0
backend/tests/governance/test_write_path_restrictions.py,backend,python,1,1,0
backend/tests/middleware/test_lan_enforcement.py,backend,python,1,1,0
backend/tests/middleware/test_performance_middleware.py,backend,python,1,1,0
backend/tests/services/test_audit_service.py,backend,python,1,1,0
backend/tests/services/test_cache_service.py,backend,python,1,1,0
backend/tests/services/test_refresh_token_service.py,backend,python,1,1,0
backend/tests/services/test_sql_sync_service.py,backend,python,1,1,0
backend/tests/services/test_unknown_item_service.py,backend,python,0,0,0
backend/tests/services/test_validation_service.py,backend,python,0,0,0
backend/tests/test_admin_control_api.py,backend,python,1,1,0
backend/tests/test_agent_approval_pipeline.py,backend,python,1,1,0
backend/tests/test_ai_variance.py,backend,python,1,1,0
backend/tests/test_analytics_api.py,backend,python,1,1,0
backend/tests/test_analytics_service.py,backend,python,1,1,0
backend/tests/test_api_warehouses_manual.py,backend,python,1,1,0
backend/tests/test_app_factory_legacy_stats.py,backend,python,1,1,0
backend/tests/test_async_utils.py,backend,python,1,1,0
backend/tests/test_auth.py,backend,python,1,1,0
backend/tests/test_auth_cookie_support.py,backend,python,1,1,0
backend/tests/test_auth_path.py,backend,python,1,1,0
backend/tests/test_auth_pin.py,backend,python,1,1,0
backend/tests/test_auth_routes_session_handling.py,backend,python,1,1,0
backend/tests/test_auth_utils.py,backend,python,1,1,0
backend/tests/test_auto_diagnosis.py,backend,python,1,1,0
backend/tests/test_backfill_session_snapshots.py,backend,python,1,1,0
backend/tests/test_barcode_validation.py,backend,python,1,1,0
backend/tests/test_basic.py,backend,python,1,1,0
backend/tests/test_batch_operations.py,backend,python,1,1,0
backend/tests/test_canonical_inventory.py,backend,python,1,1,0
backend/tests/test_cleanup_synthetic_session_data.py,backend,python,1,1,0
backend/tests/test_comprehensive.py,backend,python,1,1,0
backend/tests/test_config_aliases.py,backend,python,1,1,0
backend/tests/test_count_lines_api.py,backend,python,1,1,0
backend/tests/test_count_state_machine.py,backend,python,1,1,0
backend/tests/test_coverage_final.py,backend,python,1,1,0
backend/tests/test_coverage_improvements.py,backend,python,1,1,0
backend/tests/test_coverage_part2.py,backend,python,1,1,0
backend/tests/test_db_connection.py,backend,python,1,1,0
backend/tests/test_db_migrations.py,backend,python,1,1,0
backend/tests/test_dynamic_report_service.py,backend,python,1,1,0
backend/tests/test_enhanced_connection_pool.py,backend,python,1,1,0
backend/tests/test_enhanced_item_search.py,backend,python,1,1,0
backend/tests/test_enterprise_stabilization.py,backend,python,1,1,0
backend/tests/test_erp_mapping.py,backend,python,1,1,0
backend/tests/test_erp_sync_service.py,backend,python,1,1,0
backend/tests/test_erp_utils.py,backend,python,1,1,0
backend/tests/test_error_handler_with_diagnosis.py,backend,python,1,1,0
backend/tests/test_error_logging.py,backend,python,1,1,0
backend/tests/test_exceptions.py,backend,python,1,1,0
backend/tests/test_export_mapping_cleanup.py,backend,python,1,1,0
backend/tests/test_exports_api.py,backend,python,1,1,0
backend/tests/test_floor_selection.py,backend,python,1,1,0
backend/tests/test_governance.py,backend,python,1,1,0
backend/tests/test_governance_contracts.py,backend,python,1,1,0
backend/tests/test_integration.py,backend,python,1,1,0
backend/tests/test_integration_api.py,backend,python,1,1,0
backend/tests/test_items.py,backend,python,1,1,0
backend/tests/test_jenkins_pipeline_contract.py,backend,python,1,1,0
backend/tests/test_locations_api.py,backend,python,1,1,0
backend/tests/test_logging_config.py,backend,python,1,1,0
backend/tests/test_mdns_service.py,backend,python,1,1,0
backend/tests/test_migrate_user_settings.py,backend,python,1,1,0
backend/tests/test_notification_service.py,backend,python,1,1,0
backend/tests/test_notifications_api_routes.py,backend,python,1,1,0
backend/tests/test_offline_sync.py,backend,python,1,1,0
backend/tests/test_performance.py,backend,python,1,1,0
backend/tests/test_pi_api.py,backend,python,1,1,0
backend/tests/test_pin_auth.py,backend,python,1,1,0
backend/tests/test_pin_login_manual.py,backend,python,1,1,0
backend/tests/test_repair_legacy_zero_variance_approvals.py,backend,python,1,1,0
backend/tests/test_repair_scripts.py,backend,python,1,1,0
backend/tests/test_result.py,backend,python,1,1,0
backend/tests/test_routes_check.py,backend,python,1,1,0
backend/tests/test_runtime_route_cleanup.py,backend,python,1,1,0
backend/tests/test_schemas.py,backend,python,1,1,0
backend/tests/test_search_api.py,backend,python,1,1,0
backend/tests/test_search_service.py,backend,python,1,1,0
backend/tests/test_security_headers.py,backend,python,1,1,0
backend/tests/test_sentry.py,backend,python,1,1,0
backend/tests/test_server_entrypoint.py,backend,python,1,1,0
backend/tests/test_sessions_api.py,backend,python,1,1,0
backend/tests/test_settings_runtime.py,backend,python,1,1,0
backend/tests/test_simple.py,backend,python,1,1,0
backend/tests/test_sql_readonly.py,backend,python,1,1,0
backend/tests/test_sync.py,backend,python,1,1,0
backend/tests/test_sync_conflicts_service.py,backend,python,1,1,0
backend/tests/test_sync_management_api.py,backend,python,1,1,0
backend/tests/test_sync_service.py,backend,python,1,1,0
backend/tests/test_system_report_service.py,backend,python,1,1,0
backend/tests/test_user_management_routes.py,backend,python,1,1,0
backend/tests/test_validation.py,backend,python,1,1,0
backend/tests/test_validation_scripts.py,backend,python,1,1,0
backend/tests/test_variance_service.py,backend,python,1,1,0
backend/tests/test_verification.py,backend,python,1,1,0
backend/tests/test_version_check.py,backend,python,1,1,0
backend/tests/test_websocket_manager.py,backend,python,1,1,0
backend/tests/test_websocket_service.py,backend,python,1,1,0
backend/tests/test_whatsapp_service.py,backend,python,1,1,0
backend/tests/utils/in_memory_db.py,backend,python,0,1,0
backend/tests/verify_integration_flow.py,backend,python,1,1,0
backend/tests/verify_operational.py,backend,python,1,1,0
backend/tests/verify_security_api.py,backend,python,1,1,0
backend/tests/verify_token_claims.py,backend,python,1,1,0
backend/utils/__init__.py,backend,python,1,1,0
backend/utils/api_utils.py,backend,python,0,0,0
backend/utils/async_utils.py,backend,python,0,1,0
backend/utils/auth_utils.py,backend,python,0,0,0
backend/utils/crypto_utils.py,backend,python,0,0,0
backend/utils/db_connection.py,backend,python,0,0,0
backend/utils/env_validation.py,backend,python,0,0,0
backend/utils/erp_utils.py,backend,python,0,0,0
backend/utils/error_handler_with_diagnosis.py,backend,python,0,1,0
backend/utils/logging_config.py,backend,python,0,0,0
backend/utils/pagination.py,backend,python,1,1,0
backend/utils/pdf_generator.py,backend,python,1,1,0
backend/utils/port_detector.py,backend,python,0,0,0
backend/utils/result.py,backend,python,0,0,0
backend/utils/result_types.py,backend,python,0,0,0
backend/utils/secret_generator.py,backend,python,1,1,0
backend/utils/service_manager.py,backend,python,0,0,0
backend/utils/structured_logging.py,backend,python,1,1,0
backend/utils/tracing.py,backend,python,0,0,0
backend/utils/validation.py,backend,python,0,1,0
frontend/.eslintrc.js,frontend,typescript/javascript,1,1,0
frontend/__tests__/home.test.tsx,frontend,typescript/javascript,1,1,0
frontend/__tests__/login.test.tsx,frontend,typescript/javascript,1,1,0
frontend/__tests__/login_accessibility.test.tsx,frontend,typescript/javascript,1,1,0
frontend/__tests__/staff/home.test.tsx,frontend,typescript/javascript,1,1,0
frontend/app/+not-found.tsx,frontend,typescript/javascript,1,0,0
frontend/app/_layout.tsx,frontend,typescript/javascript,1,0,0
frontend/app/admin/__tests__/logs.offlineMode.test.tsx,frontend,typescript/javascript,1,0,0
frontend/app/admin/_layout.tsx,frontend,typescript/javascript,1,0,0
frontend/app/admin/control-panel-v2.tsx,frontend,typescript/javascript,1,0,0
frontend/app/admin/control-panel.tsx,frontend,typescript/javascript,1,0,0
frontend/app/admin/dashboard-web.screen.tsx,frontend,typescript/javascript,1,0,0
frontend/app/admin/dashboard-web.tsx,frontend,typescript/javascript,1,0,0
frontend/app/admin/index.tsx,frontend,typescript/javascript,1,0,0
frontend/app/admin/live-view.tsx,frontend,typescript/javascript,1,0,0
frontend/app/admin/logs.tsx,frontend,typescript/javascript,0,0,0
frontend/app/admin/metrics.tsx,frontend,typescript/javascript,1,0,0
frontend/app/admin/permissions.tsx,frontend,typescript/javascript,1,0,0
frontend/app/admin/realtime-dashboard.screen.tsx,frontend,typescript/javascript,1,0,0
frontend/app/admin/realtime-dashboard.tsx,frontend,typescript/javascript,1,0,0
frontend/app/admin/reports.tsx,frontend,typescript/javascript,1,0,0
frontend/app/admin/security.tsx,frontend,typescript/javascript,1,0,0
frontend/app/admin/settings.tsx,frontend,typescript/javascript,1,0,0
frontend/app/admin/sql-config.tsx,frontend,typescript/javascript,1,0,0
frontend/app/admin/unknown-items.tsx,frontend,typescript/javascript,1,0,0
frontend/app/admin/users.screen.tsx,frontend,typescript/javascript,1,0,0
frontend/app/admin/users.tsx,frontend,typescript/javascript,1,0,0
frontend/app/debug.tsx,frontend,typescript/javascript,1,0,0
frontend/app/forgot-password.tsx,frontend,typescript/javascript,1,0,0
frontend/app/help.tsx,frontend,typescript/javascript,1,0,0
frontend/app/index.tsx,frontend,typescript/javascript,1,0,0
frontend/app/login.tsx,frontend,typescript/javascript,1,0,0
frontend/app/notifications.tsx,frontend,typescript/javascript,1,0,0
frontend/app/otp-verification.tsx,frontend,typescript/javascript,1,0,0
frontend/app/register.tsx,frontend,typescript/javascript,1,0,0
frontend/app/reset-password.tsx,frontend,typescript/javascript,1,0,0
frontend/app/security.tsx,frontend,typescript/javascript,1,0,0
frontend/app/staff/_layout.tsx,frontend,typescript/javascript,1,0,0
frontend/app/staff/appearance.tsx,frontend,typescript/javascript,1,0,0
frontend/app/staff/components/SectionLists.tsx,frontend,typescript/javascript,1,0,0
frontend/app/staff/history.tsx,frontend,typescript/javascript,1,0,0
frontend/app/staff/home.tsx,frontend,typescript/javascript,0,0,0
frontend/app/staff/index.tsx,frontend,typescript/javascript,1,0,0
frontend/app/staff/item-detail.screen.tsx,frontend,typescript/javascript,1,0,0
frontend/app/staff/item-detail.tsx,frontend,typescript/javascript,1,0,0
frontend/app/staff/scan.screen.tsx,frontend,typescript/javascript,1,0,0
frontend/app/staff/scan.tsx,frontend,typescript/javascript,1,0,0
frontend/app/staff/serial-scanner.tsx,frontend,typescript/javascript,1,0,0
frontend/app/staff/settings.tsx,frontend,typescript/javascript,1,0,0
frontend/app/supervisor/__tests__/layout.offlineGate.test.tsx,frontend,typescript/javascript,1,0,0
frontend/app/supervisor/__tests__/offlineQueue.test.tsx,frontend,typescript/javascript,1,0,0
frontend/app/supervisor/__tests__/sessionDetail.offlineMode.test.tsx,frontend,typescript/javascript,1,0,0
frontend/app/supervisor/_layout.tsx,frontend,typescript/javascript,0,0,0
frontend/app/supervisor/activity-logs.tsx,frontend,typescript/javascript,1,0,0
frontend/app/supervisor/appearance.tsx,frontend,typescript/javascript,1,0,0
frontend/app/supervisor/bulk-ops.tsx,frontend,typescript/javascript,1,0,0
frontend/app/supervisor/dashboard.tsx,frontend,typescript/javascript,1,0,0
frontend/app/supervisor/index.tsx,frontend,typescript/javascript,1,0,0
frontend/app/supervisor/items.tsx,frontend,typescript/javascript,1,0,0
frontend/app/supervisor/offline-queue.tsx,frontend,typescript/javascript,1,0,0
frontend/app/supervisor/session/[id].tsx,frontend,typescript/javascript,0,0,0
frontend/app/supervisor/sessions.tsx,frontend,typescript/javascript,1,0,0
frontend/app/supervisor/settings.tsx,frontend,typescript/javascript,1,0,0
frontend/app/supervisor/sync-conflicts.tsx,frontend,typescript/javascript,1,0,0
frontend/app/supervisor/user-workflows.tsx,frontend,typescript/javascript,1,0,0
frontend/app/supervisor/variance-details.tsx,frontend,typescript/javascript,1,0,0
frontend/app/supervisor/variances.tsx,frontend,typescript/javascript,1,0,0
frontend/app/welcome.tsx,frontend,typescript/javascript,1,0,0
frontend/babel.config.js,frontend,typescript/javascript,1,1,0
frontend/e2e/admin-dashboard.spec.ts,frontend,typescript/javascript,1,1,0
frontend/e2e/auth.spec.ts,frontend,typescript/javascript,1,1,0
frontend/e2e/core-flow.spec.ts,frontend,typescript/javascript,1,1,0
frontend/e2e/helpers/auth.ts,frontend,typescript/javascript,0,1,0
frontend/e2e/misplaced-item.spec.ts,frontend,typescript/javascript,1,1,0
frontend/e2e/recount-assignment-ui.spec.ts,frontend,typescript/javascript,1,1,0
frontend/e2e/supervisor-smoke.spec.ts,frontend,typescript/javascript,1,1,0
frontend/e2e/visual.spec.ts,frontend,typescript/javascript,1,1,0
frontend/e2e/watchtower-regression.spec.ts,frontend,typescript/javascript,1,1,0
frontend/expo-sqlite.d.ts,frontend,typescript/javascript,1,1,0
frontend/index.js,frontend,typescript/javascript,1,0,0
frontend/jest.config.js,frontend,typescript/javascript,1,1,0
frontend/jest.polyfills.js,frontend,typescript/javascript,1,1,0
frontend/jest.setup.js,frontend,typescript/javascript,1,1,0
frontend/metro.config.js,frontend,typescript/javascript,1,1,0
frontend/playwright.config.ts,frontend,typescript/javascript,1,1,0
frontend/plugins/withQuotedReactNativeBundlePhase.js,frontend,typescript/javascript,1,1,0
frontend/react-native-text-override.d.ts,frontend,typescript/javascript,1,1,0
frontend/scripts/generate_brand_assets.py,frontend,python,1,1,0
frontend/scripts/update-ip.js,frontend,typescript/javascript,1,1,0
frontend/src/bootstrap/AppShell.tsx,frontend,typescript/javascript,0,0,0
frontend/src/bootstrap/BootStateViews.tsx,frontend,typescript/javascript,0,0,0
frontend/src/bootstrap/BootStateViews.web.tsx,frontend,typescript/javascript,1,1,0
frontend/src/bootstrap/RootStack.tsx,frontend,typescript/javascript,0,0,0
frontend/src/bootstrap/RootStack.web.tsx,frontend,typescript/javascript,1,1,0
frontend/src/bootstrap/initApp.test.ts,frontend,typescript/javascript,1,1,0
frontend/src/bootstrap/initApp.ts,frontend,typescript/javascript,0,0,0
frontend/src/bootstrap/initAuthAndSettings.test.ts,frontend,typescript/javascript,1,1,0
frontend/src/bootstrap/initAuthAndSettings.ts,frontend,typescript/javascript,0,0,0
frontend/src/bootstrap/initDevTools.ts,frontend,typescript/javascript,0,0,0
frontend/src/bootstrap/initMobileRuntime.ts,frontend,typescript/javascript,0,0,0
frontend/src/bootstrap/withTimeout.test.ts,frontend,typescript/javascript,1,1,0
frontend/src/bootstrap/withTimeout.ts,frontend,typescript/javascript,0,0,0
frontend/src/components/AppLogo.tsx,frontend,typescript/javascript,0,0,0
frontend/src/components/DataTable.stories.tsx,frontend,typescript/javascript,1,1,0
frontend/src/components/DataTable.tsx,frontend,typescript/javascript,0,1,0
frontend/src/components/ErrorBoundary.tsx,frontend,typescript/javascript,0,0,0
frontend/src/components/ErrorBoundary.web.tsx,frontend,typescript/javascript,1,1,0
frontend/src/components/Input.stories.tsx,frontend,typescript/javascript,1,1,0
frontend/src/components/ItemVerification.tsx,frontend,typescript/javascript,1,1,0
frontend/src/components/LoadingSkeleton.tsx,frontend,typescript/javascript,0,0,0
frontend/src/components/LogoutButton.tsx,frontend,typescript/javascript,1,1,0
frontend/src/components/LottieAnimation.tsx,frontend,typescript/javascript,0,1,0
frontend/src/components/LottieLoading.tsx,frontend,typescript/javascript,1,1,0
frontend/src/components/Pagination.tsx,frontend,typescript/javascript,1,1,0
frontend/src/components/PullToRefresh.tsx,frontend,typescript/javascript,0,0,0
frontend/src/components/RefreshButton.tsx,frontend,typescript/javascript,1,1,0
frontend/src/components/SearchAutocomplete.stories.tsx,frontend,typescript/javascript,1,1,0
frontend/src/components/SessionTimeoutWarning.tsx,frontend,typescript/javascript,1,1,0
frontend/src/components/SwipeableRow.tsx,frontend,typescript/javascript,0,0,0
frontend/src/components/SyncStatusBar.tsx,frontend,typescript/javascript,1,1,0
frontend/src/components/UpgradeNotification.tsx,frontend,typescript/javascript,0,1,0
frontend/src/components/admin/ActiveUsersPanel.tsx,frontend,typescript/javascript,0,1,0
frontend/src/components/admin/ChartsPanel.tsx,frontend,typescript/javascript,0,1,0
frontend/src/components/admin/ErrorLogsPanel.tsx,frontend,typescript/javascript,0,1,0
frontend/src/components/admin/KPICard.tsx,frontend,typescript/javascript,0,1,0
frontend/src/components/admin/PerformanceChart.tsx,frontend,typescript/javascript,0,1,0
frontend/src/components/admin/QuickStats.tsx,frontend,typescript/javascript,0,1,0
frontend/src/components/admin/RecentIssues.tsx,frontend,typescript/javascript,0,1,0
frontend/src/components/admin/RoleSelector.tsx,frontend,typescript/javascript,1,1,0
frontend/src/components/admin/SystemStatusPanel.tsx,frontend,typescript/javascript,0,1,0
frontend/src/components/admin/dashboard/DashboardPanels.tsx,frontend,typescript/javascript,0,0,0
frontend/src/components/admin/dashboard/DashboardReportModal.tsx,frontend,typescript/javascript,0,0,0
frontend/src/components/admin/dashboard/dashboardWebShared.ts,frontend,typescript/javascript,0,0,0
frontend/src/components/admin/index.ts,frontend,typescript/javascript,0,1,0
frontend/src/components/admin/realtime-dashboard/ColumnSettingsModal.tsx,frontend,typescript/javascript,0,0,0
frontend/src/components/admin/realtime-dashboard/ItemDetailsModal.tsx,frontend,typescript/javascript,0,0,0
frontend/src/components/admin/realtime-dashboard/RealtimeDashboardSummary.tsx,frontend,typescript/javascript,0,0,0
frontend/src/components/admin/realtime-dashboard/RealtimeDashboardTable.tsx,frontend,typescript/javascript,0,0,0
frontend/src/components/admin/realtime-dashboard/RealtimeDashboardToolbar.tsx,frontend,typescript/javascript,0,0,0
frontend/src/components/admin/realtime-dashboard/RealtimeStatsStrip.tsx,frontend,typescript/javascript,0,0,0
frontend/src/components/admin/realtime-dashboard/__tests__/RealtimeDashboardToolbar.test.tsx,frontend,typescript/javascript,1,1,0
frontend/src/components/admin/realtime-dashboard/__tests__/realtimeDashboardLive.test.ts,frontend,typescript/javascript,1,1,0
frontend/src/components/admin/realtime-dashboard/realtimeDashboardLive.ts,frontend,typescript/javascript,0,0,0
frontend/src/components/admin/realtime-dashboard/realtimeDashboardShared.ts,frontend,typescript/javascript,0,0,0
frontend/src/components/admin/users/UserFiltersBar.tsx,frontend,typescript/javascript,0,0,0
frontend/src/components/admin/users/UserFormModal.tsx,frontend,typescript/javascript,0,0,0
frontend/src/components/admin/users/UsersTable.tsx,frontend,typescript/javascript,0,0,0
frontend/src/components/admin/users/userManagementShared.ts,frontend,typescript/javascript,0,0,0
frontend/src/components/analytics/AnalyticsDashboard.tsx,frontend,typescript/javascript,0,1,0
frontend/src/components/analytics/MetricCard.tsx,frontend,typescript/javascript,0,1,0
frontend/src/components/analytics/VarianceChart.tsx,frontend,typescript/javascript,0,1,0
frontend/src/components/analytics/index.ts,frontend,typescript/javascript,1,1,0
frontend/src/components/auth/AuthGuard.tsx,frontend,typescript/javascript,0,0,0
frontend/src/components/auth/ConnectionStatus.tsx,frontend,typescript/javascript,0,1,0
frontend/src/components/auth/PasswordInput.tsx,frontend,typescript/javascript,0,1,0
frontend/src/components/auth/PermissionGate.tsx,frontend,typescript/javascript,0,1,0
frontend/src/components/auth/PinKeypad.tsx,frontend,typescript/javascript,0,1,0
frontend/src/components/auth/RoleLayoutGuard.tsx,frontend,typescript/javascript,0,0,0
frontend/src/components/auth/index.ts,frontend,typescript/javascript,1,1,0
frontend/src/components/branding/BrandLogo.tsx,frontend,typescript/javascript,0,0,0
frontend/src/components/camera/CameraControls.tsx,frontend,typescript/javascript,0,1,0
frontend/src/components/camera/ScanGuideOverlay.tsx,frontend,typescript/javascript,0,1,0
frontend/src/components/camera/index.ts,frontend,typescript/javascript,1,1,0
frontend/src/components/charts/BarChart.tsx,frontend,typescript/javascript,0,1,0
frontend/src/components/charts/LineChart.tsx,frontend,typescript/javascript,0,1,0
frontend/src/components/charts/PieChart.tsx,frontend,typescript/javascript,0,1,0
frontend/src/components/charts/SimpleBarChart.tsx,frontend,typescript/javascript,0,0,0
frontend/src/components/charts/SimpleLineChart.tsx,frontend,typescript/javascript,0,0,0
frontend/src/components/charts/SimplePieChart.tsx,frontend,typescript/javascript,0,0,0
frontend/src/components/charts/index.ts,frontend,typescript/javascript,0,1,0
frontend/src/components/common/AccessibilityEnhancer.tsx,frontend,typescript/javascript,1,1,0
frontend/src/components/common/ThemeToggle.tsx,frontend,typescript/javascript,1,1,0
frontend/src/components/common/VirtualList.tsx,frontend,typescript/javascript,0,0,0
frontend/src/components/feedback/AdminCrashScreen.tsx,frontend,typescript/javascript,0,0,1
frontend/src/components/feedback/ErrorState.tsx,frontend,typescript/javascript,0,1,0
frontend/src/components/feedback/LoadingSkeleton.tsx,frontend,typescript/javascript,0,1,0
frontend/src/components/feedback/LoadingState.tsx,frontend,typescript/javascript,0,1,0
frontend/src/components/feedback/NetworkStatusBanner.tsx,frontend,typescript/javascript,0,1,0
frontend/src/components/feedback/StaffCrashScreen.tsx,frontend,typescript/javascript,0,0,1
frontend/src/components/feedback/Toast.tsx,frontend,typescript/javascript,0,0,0
frontend/src/components/feedback/ToastProvider.tsx,frontend,typescript/javascript,0,0,1
frontend/src/components/feedback/ToastProvider.web.tsx,frontend,typescript/javascript,1,1,1
frontend/src/components/feedback/index.ts,frontend,typescript/javascript,0,1,0
frontend/src/components/filters/FilterPanel.tsx,frontend,typescript/javascript,0,1,0
frontend/src/components/filters/SearchInput.tsx,frontend,typescript/javascript,0,1,0
frontend/src/components/filters/index.ts,frontend,typescript/javascript,1,1,0
frontend/src/components/forms/DateRangePicker.tsx,frontend,typescript/javascript,0,0,0
frontend/src/components/forms/EnhancedButton.tsx,frontend,typescript/javascript,1,1,0
frontend/src/components/forms/EnhancedTextInput.tsx,frontend,typescript/javascript,0,1,0
frontend/src/components/forms/Input.tsx,frontend,typescript/javascript,0,1,0
frontend/src/components/forms/SearchAutocomplete.tsx,frontend,typescript/javascript,0,1,0
frontend/src/components/forms/__tests__/SearchAutocomplete.test.tsx,frontend,typescript/javascript,1,1,0
frontend/src/components/forms/index.ts,frontend,typescript/javascript,0,1,0
frontend/src/components/index.ts,frontend,typescript/javascript,1,1,0
frontend/src/components/layout/AdminLayout.tsx,frontend,typescript/javascript,0,1,0
frontend/src/components/layout/Container.tsx,frontend,typescript/javascript,0,1,0
frontend/src/components/layout/Header.tsx,frontend,typescript/javascript,0,0,0
frontend/src/components/layout/ResponsiveLayout.tsx,frontend,typescript/javascript,0,1,0
frontend/src/components/layout/Screen.tsx,frontend,typescript/javascript,0,1,0
frontend/src/components/layout/Section.tsx,frontend,typescript/javascript,0,1,0
frontend/src/components/layout/SettingGroup.tsx,frontend,typescript/javascript,1,1,0
frontend/src/components/layout/SettingItem.tsx,frontend,typescript/javascript,1,1,0
frontend/src/components/layout/StaffLayout.tsx,frontend,typescript/javascript,0,1,0
frontend/src/components/layout/SupervisorLayout.tsx,frontend,typescript/javascript,0,1,0
frontend/src/components/layout/index.ts,frontend,typescript/javascript,0,1,0
frontend/src/components/modals/BulkEntryModal.tsx,frontend,typescript/javascript,1,1,0
frontend/src/components/modals/ImageViewerModal.tsx,frontend,typescript/javascript,1,1,0
frontend/src/components/modals/OptionSelectModal.tsx,frontend,typescript/javascript,0,0,0
frontend/src/components/modals/PhotoCaptureModal.tsx,frontend,typescript/javascript,0,0,0
frontend/src/components/modals/PinEntryModal.tsx,frontend,typescript/javascript,0,0,0
frontend/src/components/modals/SearchableSelectModal.tsx,frontend,typescript/javascript,0,0,0
frontend/src/components/modals/SerialScannerModal.tsx,frontend,typescript/javascript,0,0,0
frontend/src/components/modals/__tests__/PhotoCaptureModal.test.tsx,frontend,typescript/javascript,1,1,0
frontend/src/components/modals/__tests__/SerialScannerModal.logic.test.tsx,frontend,typescript/javascript,1,1,0
frontend/src/components/modals/__tests__/SerialScannerModal.permission.test.tsx,frontend,typescript/javascript,1,1,0
frontend/src/components/modals/__tests__/serialScannerState.test.ts,frontend,typescript/javascript,1,1,0
frontend/src/components/modals/index.ts,frontend,typescript/javascript,1,1,0
frontend/src/components/modals/serialScannerState.ts,frontend,typescript/javascript,0,0,0
frontend/src/components/navigation/AdminSidebar.tsx,frontend,typescript/javascript,0,0,1
frontend/src/components/navigation/AppHeader.tsx,frontend,typescript/javascript,0,0,0
frontend/src/components/navigation/BottomNavBar.tsx,frontend,typescript/javascript,0,0,0
frontend/src/components/navigation/QuickActions.tsx,frontend,typescript/javascript,0,0,0
frontend/src/components/navigation/StaffTabBar.tsx,frontend,typescript/javascript,0,0,0
frontend/src/components/navigation/SupervisorSidebar.tsx,frontend,typescript/javascript,0,0,1
frontend/src/components/navigation/__tests__/BottomNavBar.test.tsx,frontend,typescript/javascript,1,1,0
frontend/src/components/navigation/adminNavShared.ts,frontend,typescript/javascript,0,0,0
frontend/src/components/navigation/bottomNavShared.ts,frontend,typescript/javascript,0,0,0
frontend/src/components/navigation/index.ts,frontend,typescript/javascript,0,0,0
frontend/src/components/premium/PremiumButton.tsx,frontend,typescript/javascript,0,0,0
frontend/src/components/premium/PremiumCard.tsx,frontend,typescript/javascript,0,1,0
frontend/src/components/premium/PremiumInput.tsx,frontend,typescript/javascript,0,0,0
frontend/src/components/premium/index.ts,frontend,typescript/javascript,1,1,0
frontend/src/components/scan/ActiveSectionHeader.tsx,frontend,typescript/javascript,1,1,0
frontend/src/components/scan/BarcodeScanner.tsx,frontend,typescript/javascript,0,1,0
frontend/src/components/scan/BatchDetailsModal.tsx,frontend,typescript/javascript,0,1,0
frontend/src/components/scan/BatchVariantsSection.tsx,frontend,typescript/javascript,0,0,0
frontend/src/components/scan/CameraView.tsx,frontend,typescript/javascript,0,1,0
frontend/src/components/scan/CountQuantitySection.tsx,frontend,typescript/javascript,0,0,0
frontend/src/components/scan/EvidenceNotesSection.tsx,frontend,typescript/javascript,0,0,0
frontend/src/components/scan/FinishRackModal.tsx,frontend,typescript/javascript,0,0,0
frontend/src/components/scan/FlexibleDateField.tsx,frontend,typescript/javascript,0,0,0
frontend/src/components/scan/ItemDateFieldsSection.tsx,frontend,typescript/javascript,0,0,0
frontend/src/components/scan/ItemDetailModals.tsx,frontend,typescript/javascript,0,0,0
frontend/src/components/scan/ItemDisplay.tsx,frontend,typescript/javascript,0,1,0
frontend/src/components/scan/ItemMrpSection.tsx,frontend,typescript/javascript,0,0,0
frontend/src/components/scan/ItemSearch.tsx,frontend,typescript/javascript,0,1,0
frontend/src/components/scan/ItemSubmitBar.tsx,frontend,typescript/javascript,0,0,0
frontend/src/components/scan/ItemSummarySection.tsx,frontend,typescript/javascript,0,0,0
frontend/src/components/scan/LocationInput.tsx,frontend,typescript/javascript,0,1,0
frontend/src/components/scan/LocationVerificationSection.tsx,frontend,typescript/javascript,0,1,0
frontend/src/components/scan/MRPVariantSelector.tsx,frontend,typescript/javascript,0,1,0
frontend/src/components/scan/PhotoCapture.tsx,frontend,typescript/javascript,0,1,0
frontend/src/components/scan/QuantityInputForm.tsx,frontend,typescript/javascript,0,1,0
frontend/src/components/scan/RackProgressCard.tsx,frontend,typescript/javascript,0,0,0
frontend/src/components/scan/ResultOverlay.tsx,frontend,typescript/javascript,0,1,0
frontend/src/components/scan/ScanAreaOverlay.tsx,frontend,typescript/javascript,0,1,0
frontend/src/components/scan/ScanCameraOverlay.tsx,frontend,typescript/javascript,0,0,0
frontend/src/components/scan/ScanFeedback.tsx,frontend,typescript/javascript,0,1,0
frontend/src/components/scan/ScanLookupPanel.tsx,frontend,typescript/javascript,0,0,0
frontend/src/components/scan/ScanStatsCard.tsx,frontend,typescript/javascript,0,0,0
frontend/src/components/scan/SectionFocusConfig.tsx,frontend,typescript/javascript,1,1,0
frontend/src/components/scan/SerialEntriesSection.tsx,frontend,typescript/javascript,0,0,0
frontend/src/components/scan/SerialEntryCard.tsx,frontend,typescript/javascript,0,0,0
frontend/src/components/scan/SerialNumberEntry.tsx,frontend,typescript/javascript,0,1,0
frontend/src/components/scan/SerializedItemSection.tsx,frontend,typescript/javascript,0,0,0
frontend/src/components/scan/SessionStartModal.tsx,frontend,typescript/javascript,0,1,0
frontend/src/components/scan/VarianceReasonModal.tsx,frontend,typescript/javascript,0,1,0
frontend/src/components/scan/__tests__/LocationVerificationSection.test.tsx,frontend,typescript/javascript,1,1,0
frontend/src/components/scan/index.ts,frontend,typescript/javascript,1,1,0
frontend/src/components/session/BulkActionBar.tsx,frontend,typescript/javascript,1,1,0
frontend/src/components/settings/ChangePasswordModal.tsx,frontend,typescript/javascript,0,0,1
frontend/src/components/settings/ChangePinModal.tsx,frontend,typescript/javascript,0,0,1
frontend/src/components/settings/FontSizeSlider.tsx,frontend,typescript/javascript,0,0,1
frontend/src/components/settings/FontStylePicker.tsx,frontend,typescript/javascript,0,0,1
frontend/src/components/settings/SettingsSyncStatus.tsx,frontend,typescript/javascript,0,0,0
frontend/src/components/settings/UserSettingsSections.tsx,frontend,typescript/javascript,0,0,0
frontend/src/components/settings/__tests__/UserSettingsSections.test.tsx,frontend,typescript/javascript,1,1,0
frontend/src/components/settings/index.ts,frontend,typescript/javascript,0,0,0
frontend/src/components/staff/RecentScans.tsx,frontend,typescript/javascript,1,1,0
frontend/src/components/suggestions/SmartSuggestionsPanel.tsx,frontend,typescript/javascript,1,1,0
frontend/src/components/supervisor/RecountAssignmentModal.tsx,frontend,typescript/javascript,0,0,0
frontend/src/components/supervisor/dashboard/CreateSessionModal.tsx,frontend,typescript/javascript,0,0,0
frontend/src/components/supervisor/dashboard/SupervisorActivitySection.tsx,frontend,typescript/javascript,0,0,0
frontend/src/components/supervisor/dashboard/SupervisorOverviewCard.tsx,frontend,typescript/javascript,0,0,0
frontend/src/components/supervisor/dashboard/SupervisorRecentSessionsSection.tsx,frontend,typescript/javascript,0,0,0
frontend/src/components/supervisor/dashboard/SupervisorStatsSection.tsx,frontend,typescript/javascript,0,0,0
frontend/src/components/supervisor/dashboard/supervisorDashboardShared.ts,frontend,typescript/javascript,0,0,0
frontend/src/components/supervisor/offlineQueueFeedback.ts,frontend,typescript/javascript,0,0,0
frontend/src/components/sync/ConflictResolutionModal.tsx,frontend,typescript/javascript,1,1,0
frontend/src/components/ui/Accordion.tsx,frontend,typescript/javascript,0,0,0
frontend/src/components/ui/ActivityFeedItem.tsx,frontend,typescript/javascript,0,0,0
frontend/src/components/ui/AdminResponsiveGrid.tsx,frontend,typescript/javascript,0,0,0
frontend/src/components/ui/AnimatedCard.tsx,frontend,typescript/javascript,0,0,0
frontend/src/components/ui/AnimatedCounter.tsx,frontend,typescript/javascript,0,0,0
frontend/src/components/ui/AnimatedInput.tsx,frontend,typescript/javascript,0,0,0
frontend/src/components/ui/AnimatedListItem.tsx,frontend,typescript/javascript,0,0,0
frontend/src/components/ui/AnimatedPressable.tsx,frontend,typescript/javascript,0,0,0
frontend/src/components/ui/AppearanceSettings.tsx,frontend,typescript/javascript,0,0,0
frontend/src/components/ui/AuroraBackground.tsx,frontend,typescript/javascript,0,0,0
frontend/src/components/ui/Avatar.tsx,frontend,typescript/javascript,0,0,0
frontend/src/components/ui/Badge.tsx,frontend,typescript/javascript,0,0,0
frontend/src/components/ui/BottomSheet.tsx,frontend,typescript/javascript,0,0,0
frontend/src/components/ui/Checkbox.tsx,frontend,typescript/javascript,0,0,0
frontend/src/components/ui/Chip.tsx,frontend,typescript/javascript,0,0,0
frontend/src/components/ui/ConfirmModal.tsx,frontend,typescript/javascript,0,0,0
frontend/src/components/ui/EmptyState.tsx,frontend,typescript/javascript,0,0,0
frontend/src/components/ui/EnhancedBottomSheet.tsx,frontend,typescript/javascript,0,0,0
frontend/src/components/ui/EnhancedButton.tsx,frontend,typescript/javascript,0,0,0
frontend/src/components/ui/EnhancedInput.tsx,frontend,typescript/javascript,0,0,0
frontend/src/components/ui/FadeIn.tsx,frontend,typescript/javascript,0,0,0
frontend/src/components/ui/FloatingActionButton.tsx,frontend,typescript/javascript,0,0,0
frontend/src/components/ui/FloatingScanButton.tsx,frontend,typescript/javascript,0,0,0
frontend/src/components/ui/GlassCard.tsx,frontend,typescript/javascript,0,0,0
frontend/src/components/ui/InlineAlert.tsx,frontend,typescript/javascript,0,0,0
frontend/src/components/ui/LiveIndicator.tsx,frontend,typescript/javascript,0,0,0
frontend/src/components/ui/LoadingSpinner.tsx,frontend,typescript/javascript,0,0,0
frontend/src/components/ui/Modal.stories.tsx,frontend,typescript/javascript,1,1,0
frontend/src/components/ui/Modal.tsx,frontend,typescript/javascript,0,0,0
frontend/src/components/ui/ModernButton.tsx,frontend,typescript/javascript,0,0,0
frontend/src/components/ui/ModernCard.tsx,frontend,typescript/javascript,0,0,0
frontend/src/components/ui/ModernHeader.tsx,frontend,typescript/javascript,0,0,0
frontend/src/components/ui/ModernInput.tsx,frontend,typescript/javascript,0,0,0
frontend/src/components/ui/MultiSelectList.tsx,frontend,typescript/javascript,0,0,0
frontend/src/components/ui/MyPressable.tsx,frontend,typescript/javascript,0,0,0
frontend/src/components/ui/OnlineStatus.tsx,frontend,typescript/javascript,0,0,0
frontend/src/components/ui/ParticleField.tsx,frontend,typescript/javascript,0,0,0
frontend/src/components/ui/PatternBackground.tsx,frontend,typescript/javascript,0,0,0
frontend/src/components/ui/PremiumHeader.tsx,frontend,typescript/javascript,0,0,0
frontend/src/components/ui/ProgressBar.tsx,frontend,typescript/javascript,0,0,0
frontend/src/components/ui/ProgressRing.tsx,frontend,typescript/javascript,0,0,0
frontend/src/components/ui/QuantityStepper.tsx,frontend,typescript/javascript,0,0,0
frontend/src/components/ui/QuickStatCard.tsx,frontend,typescript/javascript,0,0,0
frontend/src/components/ui/Radio.tsx,frontend,typescript/javascript,0,0,0
frontend/src/components/ui/ResponsiveText.tsx,frontend,typescript/javascript,0,0,0
frontend/src/components/ui/RippleButton.tsx,frontend,typescript/javascript,0,0,0
frontend/src/components/ui/SafeView.tsx,frontend,typescript/javascript,0,0,0
frontend/src/components/ui/ScanFeedback.tsx,frontend,typescript/javascript,0,0,0
frontend/src/components/ui/ScreenContainer.tsx,frontend,typescript/javascript,0,0,0
frontend/src/components/ui/ScreenHeader.tsx,frontend,typescript/javascript,0,0,0
frontend/src/components/ui/Separator.tsx,frontend,typescript/javascript,0,0,0
frontend/src/components/ui/SessionCard.tsx,frontend,typescript/javascript,0,0,0
frontend/src/components/ui/Shimmer.tsx,frontend,typescript/javascript,0,0,0
frontend/src/components/ui/Skeleton.tsx,frontend,typescript/javascript,0,0,0
frontend/src/components/ui/SkeletonList.tsx,frontend,typescript/javascript,0,0,0
frontend/src/components/ui/SpeedDialMenu.tsx,frontend,typescript/javascript,0,0,0
frontend/src/components/ui/StatsCard.tsx,frontend,typescript/javascript,0,0,0
frontend/src/components/ui/StatusBadge.tsx,frontend,typescript/javascript,0,0,0
frontend/src/components/ui/StickyFooter.tsx,frontend,typescript/javascript,0,0,0
frontend/src/components/ui/SuccessFeedback.tsx,frontend,typescript/javascript,0,0,0
frontend/src/components/ui/SwipeCard.tsx,frontend,typescript/javascript,0,0,0
frontend/src/components/ui/Switch.tsx,frontend,typescript/javascript,0,0,0
frontend/src/components/ui/SyncStatusPill.tsx,frontend,typescript/javascript,0,0,0
frontend/src/components/ui/Tabs.tsx,frontend,typescript/javascript,0,0,0
frontend/src/components/ui/ThemePicker.tsx,frontend,typescript/javascript,0,0,0
frontend/src/components/ui/ThemedScreen.tsx,frontend,typescript/javascript,0,0,0
frontend/src/components/ui/Toast.tsx,frontend,typescript/javascript,0,0,0
frontend/src/components/ui/TouchableFeedback.tsx,frontend,typescript/javascript,0,0,0
frontend/src/components/ui/UnifiedText.tsx,frontend,typescript/javascript,0,0,0
frontend/src/components/ui/UnifiedView.tsx,frontend,typescript/javascript,0,0,0
frontend/src/components/ui/__tests__/AnimatedPressable.test.tsx,frontend,typescript/javascript,1,1,0
frontend/src/components/ui/index.ts,frontend,typescript/javascript,0,0,0
frontend/src/config/index.ts,frontend,typescript/javascript,1,1,0
frontend/src/config/location.ts,frontend,typescript/javascript,0,1,0
frontend/src/config/scannerConfig.ts,frontend,typescript/javascript,0,1,0
frontend/src/constants/__tests__/roleFeatureFlags.test.ts,frontend,typescript/javascript,1,1,0
frontend/src/constants/config.ts,frontend,typescript/javascript,0,0,0
frontend/src/constants/flags.ts,frontend,typescript/javascript,0,0,0
frontend/src/constants/fontAssets.native.ts,frontend,typescript/javascript,1,1,0
frontend/src/constants/fontAssets.ts,frontend,typescript/javascript,0,0,0
frontend/src/constants/fontAssets.web.ts,frontend,typescript/javascript,1,1,0
frontend/src/constants/index.ts,frontend,typescript/javascript,1,1,0
frontend/src/constants/permissions.ts,frontend,typescript/javascript,0,0,0
frontend/src/constants/roleFeatureFlags.ts,frontend,typescript/javascript,0,0,0
frontend/src/constants/scanConstants.ts,frontend,typescript/javascript,0,1,0
frontend/src/context/ThemeContext.tsx,frontend,typescript/javascript,0,0,0
frontend/src/db/localDb.ts,frontend,typescript/javascript,0,0,0
frontend/src/domains/auth/index.ts,frontend,typescript/javascript,1,1,0
frontend/src/domains/auth/services.ts,frontend,typescript/javascript,0,1,0
frontend/src/domains/auth/types.ts,frontend,typescript/javascript,0,0,1
frontend/src/domains/inventory/components/ItemFilters.tsx,frontend,typescript/javascript,0,0,0
frontend/src/domains/inventory/hooks.ts,frontend,typescript/javascript,0,1,0
frontend/src/domains/inventory/hooks/__tests__/offlineInventoryHooks.test.tsx,frontend,typescript/javascript,1,1,0
frontend/src/domains/inventory/hooks/scan/__tests__/errorMessages.test.ts,frontend,typescript/javascript,1,1,0
frontend/src/domains/inventory/hooks/scan/__tests__/useDeferredItemSubmission.itemName.test.ts,frontend,typescript/javascript,1,1,0
frontend/src/domains/inventory/hooks/scan/__tests__/useDeferredItemSubmission.photoProofs.test.ts,frontend,typescript/javascript,1,1,0
frontend/src/domains/inventory/hooks/scan/__tests__/useItemDraftAutosave.test.ts,frontend,typescript/javascript,1,1,0
frontend/src/domains/inventory/hooks/scan/__tests__/useItemEvidenceState.test.tsx,frontend,typescript/javascript,1,1,0
frontend/src/domains/inventory/hooks/scan/__tests__/useItemSubmission.test.ts,frontend,typescript/javascript,1,1,0
frontend/src/domains/inventory/hooks/scan/errorMessages.ts,frontend,typescript/javascript,0,0,0
frontend/src/domains/inventory/hooks/scan/index.ts,frontend,typescript/javascript,0,1,0
frontend/src/domains/inventory/hooks/scan/submissionPayload.ts,frontend,typescript/javascript,0,0,0
frontend/src/domains/inventory/hooks/scan/useBatchManagement.ts,frontend,typescript/javascript,0,1,0
frontend/src/domains/inventory/hooks/scan/useDeferredItemSubmission.ts,frontend,typescript/javascript,0,0,0
frontend/src/domains/inventory/hooks/scan/useFlexibleDateField.ts,frontend,typescript/javascript,0,0,0
frontend/src/domains/inventory/hooks/scan/useItemDetailData.ts,frontend,typescript/javascript,0,0,0
frontend/src/domains/inventory/hooks/scan/useItemDraftAutosave.ts,frontend,typescript/javascript,0,0,0
frontend/src/domains/inventory/hooks/scan/useItemEvidenceState.ts,frontend,typescript/javascript,0,0,0
frontend/src/domains/inventory/hooks/scan/useItemForm.ts,frontend,typescript/javascript,0,1,0
frontend/src/domains/inventory/hooks/scan/useItemMetadataState.ts,frontend,typescript/javascript,0,0,0
frontend/src/domains/inventory/hooks/scan/useItemState.ts,frontend,typescript/javascript,0,1,0
frontend/src/domains/inventory/hooks/scan/useItemSubmission.ts,frontend,typescript/javascript,0,1,0
frontend/src/domains/inventory/hooks/scan/usePhotoState.ts,frontend,typescript/javascript,0,1,0
frontend/src/domains/inventory/hooks/scan/useQuantityCountManager.ts,frontend,typescript/javascript,0,0,0
frontend/src/domains/inventory/hooks/scan/useScanState.ts,frontend,typescript/javascript,0,1,0
frontend/src/domains/inventory/hooks/scan/useSerialEntryManager.ts,frontend,typescript/javascript,0,0,0
frontend/src/domains/inventory/hooks/scan/useWorkflowState.ts,frontend,typescript/javascript,0,1,0
frontend/src/domains/inventory/hooks/useItemByBarcodeQuery.ts,frontend,typescript/javascript,0,1,0
frontend/src/domains/inventory/hooks/useOptimizedSearch.ts,frontend,typescript/javascript,0,1,0
frontend/src/domains/inventory/hooks/useSearchItemsQuery.ts,frontend,typescript/javascript,0,1,0
frontend/src/domains/inventory/index.ts,frontend,typescript/javascript,1,1,0
frontend/src/domains/inventory/services.ts,frontend,typescript/javascript,0,1,0
frontend/src/domains/inventory/services/__tests__/itemVerificationApi.export.test.ts,frontend,typescript/javascript,1,1,0
frontend/src/domains/inventory/services/itemVerificationApi.ts,frontend,typescript/javascript,0,0,0
frontend/src/domains/inventory/services/scanDeduplicationService.ts,frontend,typescript/javascript,0,1,0
frontend/src/domains/inventory/services/smartSuggestionsService.ts,frontend,typescript/javascript,0,1,0
frontend/src/domains/inventory/types.ts,frontend,typescript/javascript,0,1,0
frontend/src/domains/reports/index.ts,frontend,typescript/javascript,1,1,0
frontend/src/domains/reports/services.ts,frontend,typescript/javascript,0,1,0
frontend/src/domains/reports/types.ts,frontend,typescript/javascript,0,0,1
frontend/src/hooks/__tests__/usePermission.test.tsx,frontend,typescript/javascript,1,1,0
frontend/src/hooks/__tests__/useSessionIntegrity.test.tsx,frontend,typescript/javascript,1,1,0
frontend/src/hooks/__tests__/useWebSocket.test.tsx,frontend,typescript/javascript,1,1,0
frontend/src/hooks/index.ts,frontend,typescript/javascript,0,1,0
frontend/src/hooks/useAIBarcode.ts,frontend,typescript/javascript,0,1,0
frontend/src/hooks/useAnimations.ts,frontend,typescript/javascript,0,0,0
frontend/src/hooks/useAppVersion.ts,frontend,typescript/javascript,0,0,0
frontend/src/hooks/useAutoLogout.ts,frontend,typescript/javascript,0,0,0
frontend/src/hooks/useCameraEnhancement.ts,frontend,typescript/javascript,0,1,0
frontend/src/hooks/useDebouncedCallback.ts,frontend,typescript/javascript,0,1,0
frontend/src/hooks/useDomainAction.ts,frontend,typescript/javascript,0,1,0
frontend/src/hooks/useFormValidation.ts,frontend,typescript/javascript,0,1,0
frontend/src/hooks/useHapticFeedback.ts,frontend,typescript/javascript,0,1,0
frontend/src/hooks/useKeepAwake.ts,frontend,typescript/javascript,1,1,0
frontend/src/hooks/useKeyboardShortcuts.ts,frontend,typescript/javascript,1,1,0
frontend/src/hooks/usePerformanceMonitor.ts,frontend,typescript/javascript,0,0,0
frontend/src/hooks/usePermission.ts,frontend,typescript/javascript,0,0,0
frontend/src/hooks/usePermissions.ts,frontend,typescript/javascript,0,1,0
frontend/src/hooks/usePersistentState.ts,frontend,typescript/javascript,0,0,0
frontend/src/hooks/useReducedMotion.ts,frontend,typescript/javascript,0,0,0
frontend/src/hooks/useResponsive.ts,frontend,typescript/javascript,0,1,0
frontend/src/hooks/useSafeAsync.ts,frontend,typescript/javascript,0,0,0
frontend/src/hooks/useSafeState.ts,frontend,typescript/javascript,0,1,0
frontend/src/hooks/useSessionIntegrity.ts,frontend,typescript/javascript,0,1,0
frontend/src/hooks/useSessionTimeout.ts,frontend,typescript/javascript,0,1,0
frontend/src/hooks/useSessionsQuery.ts,frontend,typescript/javascript,0,0,0
frontend/src/hooks/useSystemTheme.ts,frontend,typescript/javascript,0,1,0
frontend/src/hooks/useTheme.ts,frontend,typescript/javascript,0,0,0
frontend/src/hooks/useVersionCheck.ts,frontend,typescript/javascript,0,0,0
frontend/src/hooks/useVoiceControl.ts,frontend,typescript/javascript,0,1,0
frontend/src/hooks/useWebSocket.ts,frontend,typescript/javascript,0,0,0
frontend/src/index.ts,frontend,typescript/javascript,1,1,0
frontend/src/scanner/serialScanRules.ts,frontend,typescript/javascript,0,0,0
frontend/src/scanner/useScanGate.ts,frontend,typescript/javascript,0,0,0
frontend/src/screens/routes/IndexScreen.native.tsx,frontend,typescript/javascript,1,1,0
frontend/src/screens/routes/IndexScreen.web.tsx,frontend,typescript/javascript,1,1,0
frontend/src/screens/routes/WelcomeScreen.native.tsx,frontend,typescript/javascript,1,1,0
frontend/src/screens/routes/WelcomeScreen.web.tsx,frontend,typescript/javascript,1,1,0
frontend/src/screens/staff/StaffHomeScreen.tsx,frontend,typescript/javascript,0,0,0
frontend/src/screens/supervisor/SessionDetailScreen.tsx,frontend,typescript/javascript,0,0,0
frontend/src/services/__tests__/api.misc.test.ts,frontend,typescript/javascript,1,1,0
frontend/src/services/__tests__/api.test.ts,frontend,typescript/javascript,1,1,0
frontend/src/services/__tests__/backendUrl.test.ts,frontend,typescript/javascript,1,1,0
frontend/src/services/__tests__/backupReminderService.test.ts,frontend,typescript/javascript,1,1,0
frontend/src/services/__tests__/checkNodeVersion.test.ts,frontend,typescript/javascript,1,1,0
frontend/src/services/__tests__/connectionManager.test.ts,frontend,typescript/javascript,1,1,0
frontend/src/services/__tests__/healthRequest.test.ts,frontend,typescript/javascript,1,1,0
frontend/src/services/__tests__/httpClient.unauthorized.test.ts,frontend,typescript/javascript,1,1,1
frontend/src/services/__tests__/sentry.test.ts,frontend,typescript/javascript,1,1,0
frontend/src/services/__tests__/sessionManagementApi.test.ts,frontend,typescript/javascript,1,1,0
frontend/src/services/__tests__/storage.test.ts,frontend,typescript/javascript,1,1,0
frontend/src/services/__tests__/syncBatch.test.ts,frontend,typescript/javascript,1,1,0
frontend/src/services/__tests__/updateService.test.ts,frontend,typescript/javascript,1,1,0
frontend/src/services/__tests__/versionService.test.ts,frontend,typescript/javascript,1,1,0
frontend/src/services/aiBarcodeRecognition.ts,frontend,typescript/javascript,0,1,0
frontend/src/services/analyticsService.ts,frontend,typescript/javascript,0,1,0
frontend/src/services/animationService.ts,frontend,typescript/javascript,1,1,0
frontend/src/services/api/__tests__/inventoryWorkflowApi.barcode.test.ts,frontend,typescript/javascript,1,1,0
frontend/src/services/api/__tests__/inventoryWorkflowApi.countLineNames.test.ts,frontend,typescript/javascript,1,1,0
frontend/src/services/api/__tests__/inventoryWorkflowApi.offlineCount.test.ts,frontend,typescript/javascript,1,1,0
frontend/src/services/api/adminOperationsApi.test.ts,frontend,typescript/javascript,1,1,0
frontend/src/services/api/adminOperationsApi.ts,frontend,typescript/javascript,0,1,0
frontend/src/services/api/analyticsApi.ts,frontend,typescript/javascript,0,1,0
frontend/src/services/api/api.advancedAnalytics.ts,frontend,typescript/javascript,1,1,0
frontend/src/services/api/api.diagnosis.test.ts,frontend,typescript/javascript,1,1,0
frontend/src/services/api/api.diagnosis.ts,frontend,typescript/javascript,1,1,0
frontend/src/services/api/api.dynamicFields.ts,frontend,typescript/javascript,1,1,0
frontend/src/services/api/api.impl.ts,frontend,typescript/javascript,1,1,0
frontend/src/services/api/api.misc.ts,frontend,typescript/javascript,1,1,0
frontend/src/services/api/api.notifications.ts,frontend,typescript/javascript,1,1,0
frontend/src/services/api/api.test.ts,frontend,typescript/javascript,1,1,0
frontend/src/services/api/api.ts,frontend,typescript/javascript,0,0,0
frontend/src/services/api/authApi.ts,frontend,typescript/javascript,0,0,1
frontend/src/services/api/enhancedApi.ts,frontend,typescript/javascript,0,0,0
frontend/src/services/api/enhancedApiClient.ts,frontend,typescript/javascript,0,0,0
frontend/src/services/api/enhancedDatabaseApi.ts,frontend,typescript/javascript,0,0,0
frontend/src/services/api/enrichmentApi.ts,frontend,typescript/javascript,0,0,0
frontend/src/services/api/index.ts,frontend,typescript/javascript,0,0,0
frontend/src/services/api/inventoryWorkflowApi.ts,frontend,typescript/javascript,0,1,0
frontend/src/services/api/itemVerificationApi.ts,frontend,typescript/javascript,0,0,0
frontend/src/services/api/models.ts,frontend,typescript/javascript,0,1,0
frontend/src/services/api/notesApi.ts,frontend,typescript/javascript,0,0,0
frontend/src/services/api/reportApi.ts,frontend,typescript/javascript,0,0,1
frontend/src/services/api/sessionManagementApi.ts,frontend,typescript/javascript,0,1,0
frontend/src/services/api/userWorkflowApi.ts,frontend,typescript/javascript,0,0,0
frontend/src/services/audit/auditLogger.ts,frontend,typescript/javascript,1,1,0
frontend/src/services/auth.ts,frontend,typescript/javascript,0,1,0
frontend/src/services/authUnauthorizedHandler.ts,frontend,typescript/javascript,0,0,0
frontend/src/services/backendUrl.ts,frontend,typescript/javascript,0,0,0
frontend/src/services/backgroundSync.ts,frontend,typescript/javascript,0,0,0
frontend/src/services/backupReminderService.ts,frontend,typescript/javascript,0,0,0
frontend/src/services/backupService.ts,frontend,typescript/javascript,1,1,0
frontend/src/services/batchOperationsService.ts,frontend,typescript/javascript,1,1,0
frontend/src/services/cameraEnhancementService.ts,frontend,typescript/javascript,0,1,0
frontend/src/services/connectionManager.ts,frontend,typescript/javascript,0,0,0
frontend/src/services/connectionMonitoring.ts,frontend,typescript/javascript,0,0,0
frontend/src/services/device/expoCamera.native.ts,frontend,typescript/javascript,1,1,0
frontend/src/services/device/expoCamera.ts,frontend,typescript/javascript,0,0,0
frontend/src/services/device/expoCamera.web.tsx,frontend,typescript/javascript,1,1,0
frontend/src/services/deviceId.ts,frontend,typescript/javascript,0,0,0
frontend/src/services/devtools/reactotron.ts,frontend,typescript/javascript,0,0,0
frontend/src/services/enhancedFeatures.ts,frontend,typescript/javascript,0,0,0
frontend/src/services/enhancedSearchService.ts,frontend,typescript/javascript,0,1,0
frontend/src/services/errorRecovery.ts,frontend,typescript/javascript,0,0,0
frontend/src/services/exportService.ts,frontend,typescript/javascript,1,1,0
frontend/src/services/hapticService.ts,frontend,typescript/javascript,0,1,0
frontend/src/services/haptics.ts,frontend,typescript/javascript,0,0,0
frontend/src/services/healthRequest.ts,frontend,typescript/javascript,0,0,0
frontend/src/services/httpClient.ts,frontend,typescript/javascript,0,0,0
frontend/src/services/index.ts,frontend,typescript/javascript,1,1,0
frontend/src/services/logging.ts,frontend,typescript/javascript,0,0,0
frontend/src/services/microInteractions.ts,frontend,typescript/javascript,1,1,0
frontend/src/services/mmkvStorage.ts,frontend,typescript/javascript,0,0,0
frontend/src/services/monitoring/databaseStatusService.ts,frontend,typescript/javascript,0,1,0
frontend/src/services/monitoring/index.ts,frontend,typescript/javascript,1,1,0
frontend/src/services/monitoring/performanceService.ts,frontend,typescript/javascript,0,1,0
frontend/src/services/networkService.ts,frontend,typescript/javascript,0,0,0
frontend/src/services/notesApi.ts,frontend,typescript/javascript,0,1,0
frontend/src/services/offline/__tests__/offlineStorage.queue.test.ts,frontend,typescript/javascript,1,1,0
frontend/src/services/offline/index.ts,frontend,typescript/javascript,1,1,0
frontend/src/services/offline/offlineCountLine.ts,frontend,typescript/javascript,0,1,0
frontend/src/services/offline/offlineQueue.ts,frontend,typescript/javascript,0,0,0
frontend/src/services/offline/offlineStorage.ts,frontend,typescript/javascript,0,0,0
frontend/src/services/offline/syncService.ts,frontend,typescript/javascript,0,0,0
frontend/src/services/offlineQueue.ts,frontend,typescript/javascript,0,0,0
frontend/src/services/pinAuth.tsx,frontend,typescript/javascript,1,1,0
frontend/src/services/queryClient.ts,frontend,typescript/javascript,0,0,0
frontend/src/services/scanDeduplicationService.ts,frontend,typescript/javascript,0,1,0
frontend/src/services/scanSoundService.ts,frontend,typescript/javascript,0,0,0
frontend/src/services/selfTestService.tsx,frontend,typescript/javascript,1,1,0
frontend/src/services/sentry.ts,frontend,typescript/javascript,0,0,0
frontend/src/services/storage/asyncStorageService.ts,frontend,typescript/javascript,0,0,0
frontend/src/services/storage/index.ts,frontend,typescript/javascript,1,1,0
frontend/src/services/storage/secureStorage.ts,frontend,typescript/javascript,0,0,0
frontend/src/services/storage/tokenStore.ts,frontend,typescript/javascript,1,1,0
frontend/src/services/sync/conflictResolution.test.ts,frontend,typescript/javascript,1,1,0
frontend/src/services/sync/conflictResolution.ts,frontend,typescript/javascript,0,1,0
frontend/src/services/syncQueue.ts,frontend,typescript/javascript,0,0,0
frontend/src/services/syncService.ts,frontend,typescript/javascript,0,0,0
frontend/src/services/themeService.ts,frontend,typescript/javascript,0,0,0
frontend/src/services/toastService.ts,frontend,typescript/javascript,0,0,0
frontend/src/services/updateService.ts,frontend,typescript/javascript,0,0,0
frontend/src/services/userPreferenceScope.ts,frontend,typescript/javascript,0,0,0
frontend/src/services/utils/autoErrorFinder.ts,frontend,typescript/javascript,0,1,0
frontend/src/services/utils/autoRecovery.ts,frontend,typescript/javascript,0,1,0
frontend/src/services/utils/errorHandler.ts,frontend,typescript/javascript,0,0,0
frontend/src/services/utils/errorRecovery.ts,frontend,typescript/javascript,1,1,0
frontend/src/services/utils/haptics.ts,frontend,typescript/javascript,1,1,0
frontend/src/services/utils/index.ts,frontend,typescript/javascript,1,1,0
frontend/src/services/utils/notificationService.ts,frontend,typescript/javascript,0,0,0
frontend/src/services/utils/toastService.ts,frontend,typescript/javascript,1,1,0
frontend/src/services/utils/validationService.ts,frontend,typescript/javascript,0,1,0
frontend/src/services/versionService.ts,frontend,typescript/javascript,0,0,0
frontend/src/services/voiceControlService.ts,frontend,typescript/javascript,0,1,0
frontend/src/services/wifiConnectionService.ts,frontend,typescript/javascript,1,1,0
frontend/src/store/__tests__/authStore.establishSession.test.ts,frontend,typescript/javascript,1,1,1
frontend/src/store/__tests__/authStore.loadStoredAuthRace.test.ts,frontend,typescript/javascript,1,1,1
frontend/src/store/__tests__/authStore.logout.test.ts,frontend,typescript/javascript,1,1,1
frontend/src/store/__tests__/filterStore.scope.test.ts,frontend,typescript/javascript,1,1,0
frontend/src/store/__tests__/notificationStore.test.ts,frontend,typescript/javascript,1,1,0
frontend/src/store/__tests__/settingsStore.userScope.test.ts,frontend,typescript/javascript,1,1,1
frontend/src/store/authStore.ts,frontend,typescript/javascript,0,0,0
frontend/src/store/filterStore.ts,frontend,typescript/javascript,0,0,0
frontend/src/store/index.ts,frontend,typescript/javascript,1,1,0
frontend/src/store/networkStore.ts,frontend,typescript/javascript,0,0,0
frontend/src/store/notificationPolling.ts,frontend,typescript/javascript,0,0,0
frontend/src/store/notificationStore.ts,frontend,typescript/javascript,0,0,0
frontend/src/store/offlineStore.ts,frontend,typescript/javascript,0,1,0
frontend/src/store/scanSessionStore.ts,frontend,typescript/javascript,0,0,0
frontend/src/store/settingsStore.ts,frontend,typescript/javascript,0,0,0
frontend/src/styles/globalStyles.ts,frontend,typescript/javascript,0,0,0
frontend/src/styles/modernDesignSystem.ts,frontend,typescript/javascript,0,0,0
frontend/src/styles/scanStyles.ts,frontend,typescript/javascript,1,1,0
frontend/src/styles/screenStyles.ts,frontend,typescript/javascript,0,1,0
frontend/src/styles/screens/StaffHome.styles.ts,frontend,typescript/javascript,1,1,0
frontend/src/styles/sharedStyles.ts,frontend,typescript/javascript,1,1,0
frontend/src/theme/auroraTheme.ts,frontend,typescript/javascript,0,0,0
frontend/src/theme/designSystem.ts,frontend,typescript/javascript,0,1,0
frontend/src/theme/designTokens.ts,frontend,typescript/javascript,0,0,0
frontend/src/theme/enhancedColors.ts,frontend,typescript/javascript,0,1,0
frontend/src/theme/fontPreferences.ts,frontend,typescript/javascript,0,0,0
frontend/src/theme/index.ts,frontend,typescript/javascript,1,1,0
frontend/src/theme/modernDesign.ts,frontend,typescript/javascript,0,0,0
frontend/src/theme/shadowUtils.ts,frontend,typescript/javascript,0,0,0
frontend/src/theme/themes.ts,frontend,typescript/javascript,0,0,0
frontend/src/theme/typography.ts,frontend,typescript/javascript,0,1,0
frontend/src/theme/uiConstants.ts,frontend,typescript/javascript,0,0,0
frontend/src/theme/uiStandard.ts,frontend,typescript/javascript,1,1,0
frontend/src/theme/unified/MIGRATION_EXAMPLES.tsx,frontend,typescript/javascript,1,1,0
frontend/src/theme/unified/animations.ts,frontend,typescript/javascript,0,0,0
frontend/src/theme/unified/colors.ts,frontend,typescript/javascript,0,0,0
frontend/src/theme/unified/index.ts,frontend,typescript/javascript,0,0,0
frontend/src/theme/unified/radius.ts,frontend,typescript/javascript,0,0,0
frontend/src/theme/unified/shadows.ts,frontend,typescript/javascript,0,0,0
frontend/src/theme/unified/spacing.ts,frontend,typescript/javascript,0,0,0
frontend/src/theme/unified/typography.ts,frontend,typescript/javascript,0,0,0
frontend/src/types/api.ts,frontend,typescript/javascript,0,0,0
frontend/src/types/enrichment.ts,frontend,typescript/javascript,0,0,0
frontend/src/types/expo-modules.d.ts,frontend,typescript/javascript,1,1,0
frontend/src/types/export.ts,frontend,typescript/javascript,1,1,0
frontend/src/types/index.ts,frontend,typescript/javascript,0,0,0
frontend/src/types/item.ts,frontend,typescript/javascript,0,0,0
frontend/src/types/react-native-unistyles.d.ts,frontend,typescript/javascript,1,1,0
frontend/src/types/reactotron-react-native.d.ts,frontend,typescript/javascript,1,1,0
frontend/src/types/scan.ts,frontend,typescript/javascript,0,0,0
frontend/src/types/schemas.ts,frontend,typescript/javascript,0,0,0
frontend/src/types/session.ts,frontend,typescript/javascript,0,0,0
frontend/src/types/storage.ts,frontend,typescript/javascript,1,1,0
frontend/src/types/sync.ts,frontend,typescript/javascript,1,1,0
frontend/src/types/unistyles.d.ts,frontend,typescript/javascript,1,1,0
frontend/src/types/user.ts,frontend,typescript/javascript,0,0,0
frontend/src/utils/__tests__/itemBatchUtils.test.ts,frontend,typescript/javascript,1,1,0
frontend/src/utils/__tests__/roleNavigation.test.ts,frontend,typescript/javascript,1,1,0
frontend/src/utils/__tests__/scanUtils.serialFormat.test.ts,frontend,typescript/javascript,1,1,0
frontend/src/utils/__tests__/validation.test.ts,frontend,typescript/javascript,1,1,0
frontend/src/utils/algorithms.ts,frontend,typescript/javascript,0,0,0
frontend/src/utils/clipboard.ts,frontend,typescript/javascript,0,1,0
frontend/src/utils/csvExport.ts,frontend,typescript/javascript,1,1,0
frontend/src/utils/deviceInfo.ts,frontend,typescript/javascript,1,1,0
frontend/src/utils/errorHandler.ts,frontend,typescript/javascript,0,1,0
frontend/src/utils/errors.ts,frontend,typescript/javascript,0,1,0
frontend/src/utils/eventEmitter.ts,frontend,typescript/javascript,1,1,0
frontend/src/utils/feedback.ts,frontend,typescript/javascript,1,1,0
frontend/src/utils/fileExport.ts,frontend,typescript/javascript,0,0,0
frontend/src/utils/index.ts,frontend,typescript/javascript,1,1,0
frontend/src/utils/itemBatchUtils.ts,frontend,typescript/javascript,0,0,0
frontend/src/utils/network.ts,frontend,typescript/javascript,0,1,0
frontend/src/utils/portDetection.ts,frontend,typescript/javascript,0,1,0
frontend/src/utils/retry.ts,frontend,typescript/javascript,0,0,0
frontend/src/utils/roleNavigation.ts,frontend,typescript/javascript,0,0,0
frontend/src/utils/safeRender.tsx,frontend,typescript/javascript,0,0,0
frontend/src/utils/scanUtils.ts,frontend,typescript/javascript,0,0,0
frontend/src/utils/search.ts,frontend,typescript/javascript,0,1,0
frontend/src/utils/testSpritePort.ts,frontend,typescript/javascript,1,1,0
frontend/src/utils/uuid.ts,frontend,typescript/javascript,0,1,0
frontend/src/utils/validation.ts,frontend,typescript/javascript,0,0,0
frontend/test_config.js,frontend,typescript/javascript,1,1,0
frontend/tests/services/scanDeduplicationService.test.ts,frontend,typescript/javascript,1,1,0
frontend/typescript-plugin-filter-text-errors.js,frontend,typescript/javascript,1,1,0
